{
	"IcoMoonType": "selection",
	"icons": [
		{
			"icon": {
				"paths": [
					"M678.857 313.143l-166.857 166.857v470.857q0 26.286-18.857 45.143t-45.143 18.857-45.143-18.857-18.857-45.143v-219.429h-36.571v219.429q0 26.286-18.857 45.143t-45.143 18.857-45.143-18.857-18.857-45.143v-470.857l-166.857-166.857q-16-16-16-38.857t16-38.857 38.857-16 38.857 16l130.286 130.286h210.286l130.286-130.286q16-16 38.857-16t38.857 16 16 38.857-16 38.857zM493.714 219.429q0 53.143-37.429 90.571t-90.571 37.429-90.571-37.429-37.429-90.571 37.429-90.571 90.571-37.429 90.571 37.429 37.429 90.571z"
				],
				"width": 731.4300537109375,
				"attrs": [],
				"isMulticolor": false,
				"tags": [
					"child"
				],
				"defaultCode": 61870,
				"grid": 14
			},
			"attrs": [],
			"properties": {
				"name": "students",
				"id": 390,
				"order": 26,
				"prevSize": 24,
				"code": 61870
			},
			"setIdx": 0,
			"setId": 3,
			"iconIdx": 390
		},
		{
			"icon": {
				"width": 1170.2860107421875,
				"paths": [
					"M365.714 512v292.571h-146.286v-292.571h146.286zM585.143 219.429v585.143h-146.286v-585.143h146.286zM1170.286 877.714v73.143h-1170.286v-877.714h73.143v804.571h1097.143zM804.571 365.714v438.857h-146.286v-438.857h146.286zM1024 146.286v658.286h-146.286v-658.286h146.286z"
				],
				"attrs": [],
				"isMulticolor": false,
				"tags": [
					"bar-chart",
					"bar-chart-o"
				],
				"defaultCode": 61568,
				"grid": 14
			},
			"attrs": [],
			"properties": {
				"name": "grades",
				"id": 0,
				"order": 22,
				"prevSize": 24,
				"code": 61568
			},
			"setIdx": 1,
			"setId": 2,
			"iconIdx": 0
		},
		{
			"icon": {
				"width": 961.7181167602539,
				"paths": [
					"M219.429 841.143q0-14.857-10.857-25.714t-25.714-10.857-25.714 10.857-10.857 25.714 10.857 25.714 25.714 10.857 25.714-10.857 10.857-25.714zM587.429 601.143l-389.714 389.714q-21.143 21.143-51.429 21.143-29.714 0-52-21.143l-60.571-61.714q-21.714-20.571-21.714-51.429 0-30.286 21.714-52l389.143-389.143q22.286 56 65.429 99.143t99.143 65.429zM949.714 352.571q0 22.286-13.143 60.571-26.857 76.571-94 124.286t-147.714 47.714q-105.714 0-180.857-75.143t-75.143-180.857 75.143-180.857 180.857-75.143q33.143 0 69.429 9.429t61.429 26.571q9.143 6.286 9.143 16t-9.143 16l-167.429 96.571v128l110.286 61.143q2.857-1.714 45.143-27.714t77.429-46.286 40.286-20.286q8.571 0 13.429 5.714t4.857 14.286z"
				],
				"attrs": [],
				"isMulticolor": false,
				"tags": [
					"wrench"
				],
				"defaultCode": 61613,
				"grid": 14
			},
			"attrs": [],
			"properties": {
				"name": "wrench",
				"id": 1,
				"order": 23,
				"prevSize": 24,
				"code": 61613
			},
			"setIdx": 1,
			"setId": 2,
			"iconIdx": 1
		},
		{
			"icon": {
				"width": 1097.1430435180664,
				"paths": [
					"M338.857 512q-92.571 2.857-151.429 73.143h-76.571q-46.857 0-78.857-23.143t-32-67.714q0-201.714 70.857-201.714 3.429 0 24.857 12t55.714 24.286 68 12.286q38.286 0 76-13.143-2.857 21.143-2.857 37.714 0 79.429 46.286 146.286zM950.857 876q0 68.571-41.714 108.286t-110.857 39.714h-499.429q-69.143 0-110.857-39.714t-41.714-108.286q0-30.286 2-59.143t8-62.286 15.143-62 24.571-55.714 35.429-46.286 48.857-30.571 63.714-11.429q5.714 0 24.571 12.286t41.714 27.429 61.143 27.429 77.143 12.286 77.143-12.286 61.143-27.429 41.714-27.429 24.571-12.286q34.857 0 63.714 11.429t48.857 30.571 35.429 46.286 24.571 55.714 15.143 62 8 62.286 2 59.143zM365.714 146.286q0 60.571-42.857 103.429t-103.429 42.857-103.429-42.857-42.857-103.429 42.857-103.429 103.429-42.857 103.429 42.857 42.857 103.429zM768 365.714q0 90.857-64.286 155.143t-155.143 64.286-155.143-64.286-64.286-155.143 64.286-155.143 155.143-64.286 155.143 64.286 64.286 155.143zM1097.143 494.286q0 44.571-32 67.714t-78.857 23.143h-76.571q-58.857-70.286-151.429-73.143 46.286-66.857 46.286-146.286 0-16.571-2.857-37.714 37.714 13.143 76 13.143 33.714 0 68-12.286t55.714-24.286 24.857-12q70.857 0 70.857 201.714zM1024 146.286q0 60.571-42.857 103.429t-103.429 42.857-103.429-42.857-42.857-103.429 42.857-103.429 103.429-42.857 103.429 42.857 42.857 103.429z"
				],
				"attrs": [],
				"isMulticolor": false,
				"tags": [
					"group",
					"users"
				],
				"defaultCode": 61632,
				"grid": 14
			},
			"attrs": [],
			"properties": {
				"name": "faculty",
				"id": 2,
				"order": 25,
				"prevSize": 24,
				"code": 61632
			},
			"setIdx": 1,
			"setId": 2,
			"iconIdx": 2
		},
		{
			"icon": {
				"width": 877.713981628418,
				"paths": [
					"M585.143 713.143v237.714h-530.286q-22.857 0-38.857-16t-16-38.857v-768q0-22.857 16-38.857t38.857-16h768q22.857 0 38.857 16t16 38.857v530.286h-237.714q-22.857 0-38.857 16t-16 38.857zM658.286 731.429h217.714q-8.571 46.857-37.143 75.429l-105.143 105.143q-28.571 28.571-75.429 37.143v-217.714z"
				],
				"attrs": [],
				"isMulticolor": false,
				"tags": [
					"sticky-note"
				],
				"defaultCode": 62025,
				"grid": 14
			},
			"attrs": [],
			"properties": {
				"name": "memos",
				"id": 3,
				"order": 18,
				"prevSize": 24,
				"code": 62025
			},
			"setIdx": 1,
			"setId": 2,
			"iconIdx": 3
		},
		{
			"icon": {
				"paths": [
					"M726 554v-84h-172v-172h-84v172h-172v84h172v172h84v-172h172zM810 128c46 0 86 40 86 86v596c0 46-40 86-86 86h-596c-48 0-86-40-86-86v-596c0-46 38-86 86-86h596z"
				],
				"attrs": [],
				"isMulticolor": false,
				"tags": [
					"add_box"
				],
				"defaultCode": 57670,
				"grid": 24
			},
			"attrs": [],
			"properties": {
				"order": 24,
				"ligatures": "add_box",
				"id": 16,
				"prevSize": 24,
				"code": 57670,
				"name": "maintenance"
			},
			"setIdx": 2,
			"setId": 1,
			"iconIdx": 16
		},
		{
			"icon": {
				"paths": [
					"M768 810v-60c0-86-170-132-256-132s-256 46-256 132v60h512zM512 298c-70 0-128 58-128 128s58 128 128 128 128-58 128-128-58-128-128-128zM512 128c-24 0-42 18-42 42s18 44 42 44 42-20 42-44-18-42-42-42zM810 128c46 0 86 40 86 86v596c0 46-40 86-86 86h-596c-46 0-86-40-86-86v-596c0-46 40-86 86-86h178c18-50 64-86 120-86s102 36 120 86h178z"
				],
				"attrs": [],
				"isMulticolor": false,
				"tags": [
					"assignment_ind"
				],
				"defaultCode": 59486,
				"grid": 24
			},
			"attrs": [],
			"properties": {
				"order": 19,
				"ligatures": "assignment_ind",
				"id": 56,
				"prevSize": 24,
				"code": 59486,
				"name": "head"
			},
			"setIdx": 2,
			"setId": 1,
			"iconIdx": 56
		},
		{
			"icon": {
				"paths": [
					"M810 470v-256h-256v256h256zM810 810v-256h-256v256h256zM470 470v-256h-256v256h256zM470 810v-256h-256v256h256zM128 128h768v768h-768v-768z"
				],
				"attrs": [],
				"isMulticolor": false,
				"tags": [
					"border_all"
				],
				"defaultCode": 57896,
				"grid": 24
			},
			"attrs": [],
			"properties": {
				"order": 33,
				"ligatures": "border_all",
				"id": 89,
				"prevSize": 24,
				"code": 57896,
				"name": "sections"
			},
			"setIdx": 2,
			"setId": 1,
			"iconIdx": 89
		},
		{
			"icon": {
				"paths": [
					"M384 690l452-452 60 60-512 512-238-238 60-60z"
				],
				"attrs": [],
				"isMulticolor": false,
				"tags": [
					"check"
				],
				"defaultCode": 58826,
				"grid": 24
			},
			"attrs": [],
			"properties": {
				"order": 27,
				"ligatures": "check",
				"id": 148,
				"prevSize": 24,
				"code": 58826,
				"name": "done"
			},
			"setIdx": 2,
			"setId": 1,
			"iconIdx": 148
		},
		{
			"icon": {
				"paths": [
					"M658 316l-196 196 196 196-60 60-256-256 256-256z"
				],
				"attrs": [],
				"isMulticolor": false,
				"tags": [
					"navigate_before"
				],
				"defaultCode": 58376,
				"grid": 24
			},
			"attrs": [],
			"properties": {
				"order": 10,
				"ligatures": "chevron_left, navigate_before",
				"id": 152,
				"prevSize": 24,
				"code": 58376,
				"name": "navigate_before"
			},
			"setIdx": 2,
			"setId": 1,
			"iconIdx": 152
		},
		{
			"icon": {
				"paths": [
					"M426 256l256 256-256 256-60-60 196-196-196-196z"
				],
				"attrs": [],
				"isMulticolor": false,
				"tags": [
					"navigate_next"
				],
				"defaultCode": 58377,
				"grid": 24
			},